<?xml version="1.0" encoding="UTF-8"?>
<beans xmlns="http://www.springframework.org/schema/beans"
    xmlns:xsi="http://www.w3.org/2001/XMLSchema-instance" xmlns:c="http://www.springframework.org/schema/c"
    xmlns:p="http://www.springframework.org/schema/p" xmlns:context="http://www.springframework.org/schema/context"
    xsi:schemaLocation="http://www.springframework.org/schema/beans
    http://www.springframework.org/schema/beans/spring-beans-4.1.xsd
    http://www.springframework.org/schema/context
    http://www.springframework.org/schema/context/spring-context-4.1.xsd">

<bean id="db" class="org.springframework.jdbc.datasource.DriverManagerDataSource">
    <property name="driverClassName" value="com.mysql.cj.jdbc.Driver"></property>
      <property name="url" value="jdbc:mysql://localhost:3306/pharm"></property>
        <property name="username" value="root"></property>
          <property name="password" value="ssrr1addictz"></property>
    </bean>
    <bean id="jdbctemp" class="org.springframework.jdbc.core.JdbcTemplate">
    <property name="dataSource" ref="db"></property>
    </bean>
    
     <bean id="meddao" class="com.src.dao.MedDAO">
    <property name="jdbctemp" ref="jdbctemp"></property>
   </bean>
  </beans>